,City Name,Cloudiness,Country,Date,Humidity,Latitude,Longitude,Max Temp.,Wind Speed
0,Tabuk,41,PH,1569541279,84,17.41,121.44,71.96,2.33
1,Castro,0,CL,1569541090,67,-42.48,-73.76,57.2,5.82
2,Qaanaaq,100,GL,1569541059,94,77.48,-69.36,31.24,17.52
3,Bambous Virieux,40,MU,1569541066,94,-20.34,57.76,73.0,8.05
4,Busselton,29,AU,1569541103,64,-33.64,115.35,55.99,12.86
5,Lypova Dolyna,100,UA,1569541280,71,50.56,33.8,50.38,10.2
6,Lovozero,49,RU,1569541280,93,68.01,35.02,29.01,3.51
7,Cabo San Lucas,5,MX,1569540894,62,22.89,-109.91,88.0,20.8
8,Inhambane,31,MZ,1569541188,82,-23.87,35.38,58.33,4.88
9,Chokurdakh,44,RU,1569541065,75,70.62,147.9,30.31,13.73
10,Rikitea,100,PF,1569541063,70,-23.12,-134.97,71.83,9.73
11,Nemuro,0,JP,1569541122,55,43.32,145.57,59.14,3.74
12,Hilo,75,US,1569540782,66,19.71,-155.08,87.8,12.75
13,Khatanga,99,RU,1569541142,95,71.98,102.47,31.58,9.22
14,Saint-Georges,100,CA,1569541182,100,46.12,-70.67,55.0,5.99
15,Kuandian,0,CN,1569541282,71,40.73,124.78,65.84,1.54
16,Atuona,54,PF,1569541057,76,-9.8,-139.03,79.72,15.55
17,Papara,0,BR,1569541283,69,-3.98,-38.73,80.6,12.75
18,Mataura,97,NZ,1569541095,85,-46.19,168.86,51.01,14.0
19,Xichang,58,CN,1569541285,92,27.88,102.25,46.33,2.71
20,Kieta,0,PG,1569541285,74,-6.22,155.63,82.15,1.25
21,Ilulissat,20,GL,1569541073,27,69.22,-51.1,41.0,21.92
22,Luderitz,94,NA,1569541176,36,-26.65,15.16,75.2,2.24
23,Punta Arenas,0,CL,1569541060,74,-53.16,-70.91,48.2,18.34
24,Boa Vista,0,BR,1569541229,58,2.82,-60.67,86.0,3.36
25,Pandan,0,PH,1569541286,72,11.72,122.09,82.33,3.85
26,Severo-Kurilsk,100,RU,1569541156,82,50.68,156.12,45.68,32.28
27,Henties Bay,100,NA,1569541241,69,-22.12,14.28,63.3,4.94
28,Tuktoyaktuk,75,CA,1569541065,93,69.44,-133.03,37.4,18.34
29,Tuatapere,99,NZ,1569541187,85,-46.13,167.69,51.01,14.0
30,Ushuaia,0,AR,1569540990,96,-54.81,-68.31,48.2,5.82
31,Fortuna,20,US,1569541044,68,40.6,-124.16,73.99,10.29
32,East London,0,ZA,1569541088,20,-33.02,27.91,64.81,4.56
33,Tawau,75,MY,1569541288,88,4.26,117.89,77.0,3.36
34,Poum,73,MK,1569541236,90,41.28,20.71,50.83,1.34
35,Namatanai,27,PG,1569541074,71,-3.66,152.44,82.85,9.86
36,New Norfolk,75,AU,1569541150,39,-42.78,147.06,66.0,13.87
37,Atar,0,MR,1569541125,13,20.52,-13.05,93.97,3.11
38,Anloga,20,GH,1569541289,88,5.79,0.9,78.8,6.93
39,Constitucion,90,MX,1569541212,38,23.99,-104.67,75.2,4.7
40,Sorong,84,ID,1569541239,90,-0.86,131.25,77.39,4.7
41,Bajah,80,YE,1569541289,50,13.81,44.63,66.74,4.92
42,Esperance,90,AU,1569541152,100,-33.86,121.89,53.6,5.82
43,Hermanus,0,ZA,1569541088,48,-34.42,19.24,70.0,1.01
44,Kodiak,1,US,1569541065,52,39.95,-94.76,73.4,6.93
45,Faanui,47,PF,1569541123,78,-16.48,-151.75,79.97,15.79
46,Karasuk,69,RU,1569541291,55,53.73,78.03,37.36,7.16
47,Torbay,90,CA,1569541061,93,47.66,-52.73,51.01,14.99
48,Bluff,15,AU,1569541091,48,-23.58,149.07,73.9,9.08
49,Jamestown,10,AU,1569541054,30,-33.21,138.6,66.61,15.68
50,Vaini,100,IN,1569541109,94,15.34,74.49,73.7,2.62
51,Avarua,69,CK,1569540865,78,-21.21,-159.78,78.8,4.7
52,Puerto Ayora,90,EC,1569541101,73,-0.74,-90.35,73.4,6.93
53,Bali Chak,100,IN,1569541293,94,22.37,87.55,74.0,2.42
54,Hobart,75,AU,1569541070,39,-42.88,147.33,66.0,13.87
55,Leh,0,IN,1569541150,50,34.16,77.58,36.12,0.72
56,Ahuimanu,75,US,1569541294,78,21.44,-157.84,86.0,9.17
57,Batemans Bay,0,AU,1569541300,49,-35.71,150.18,61.0,5.99
58,Cidreira,3,BR,1569541120,84,-30.17,-50.22,61.57,5.46
59,Cape Town,0,ZA,1569541066,72,-33.93,18.42,63.0,2.24
60,Saskylakh,95,RU,1569541097,96,71.97,114.09,31.03,8.3
61,Maceio,0,BR,1569541301,88,-9.67,-35.74,71.6,6.93
62,Tiksi,99,RU,1569541156,88,71.64,128.87,34.41,3.53
63,Coihaique,0,CL,1569541196,47,-45.58,-72.07,59.0,6.93
64,Puerto Narino,40,CO,1569541301,88,-3.77,-70.38,82.4,2.06
65,Porto Velho,20,BR,1569541302,66,-8.75,-63.87,84.2,2.24
66,Ciudad Bolivar,21,VE,1569541200,65,8.12,-63.55,82.47,2.86
67,Thompson,75,CA,1569541195,52,55.74,-97.86,41.0,8.05
68,Altamira,20,BR,1569541223,89,-3.2,-52.21,72.59,1.97
69,Medzev,20,SK,1569541302,100,48.7,20.89,52.0,3.36
70,Koindu,100,GN,1569541303,99,8.44,-10.33,69.93,2.91
71,Prince George,90,CA,1569541137,57,53.92,-122.75,51.01,3.36
72,Sao Filipe,39,CV,1569541186,84,14.9,-24.5,77.9,15.66
73,Naze,75,NG,1569541072,100,5.43,7.07,77.0,4.21
74,Tura,99,RU,1569541185,98,64.27,100.22,28.88,0.87
75,Dingle,2,PH,1569541106,78,11.0,122.67,80.47,3.62
76,Saint-Philippe,1,CA,1569541067,87,45.36,-73.48,59.0,10.29
77,San Cristobal,90,HN,1569541160,87,14.68,-86.92,71.49,4.21
78,Dikson,99,RU,1569541129,90,73.51,80.55,35.08,8.81
79,Parintins,82,BR,1569541304,72,-2.63,-56.73,80.01,2.93
80,Harper,1,US,1569541245,36,30.3,-99.24,93.2,8.05
81,Lavrentiya,100,RU,1569541130,98,65.58,-170.99,36.93,15.57
82,Oranjestad,20,AW,1569541145,74,12.52,-70.03,86.0,8.05
83,Aloleng,7,PH,1569541305,80,16.13,119.78,82.28,7.25
84,College,75,US,1569540972,70,64.86,-147.8,44.6,4.7
85,Nyzhnya Duvanka,100,UA,1569541306,40,49.58,38.17,49.23,6.08
86,Puerto Escondido,90,MX,1569541306,70,15.86,-97.07,86.0,4.7
87,Labuhan,88,ID,1569541214,85,-2.54,115.51,76.26,0.65
88,Hithadhoo,100,MV,1569541094,66,-0.6,73.08,84.31,10.71
89,Alice Springs,0,AU,1569541189,43,-23.7,133.88,71.6,4.7
90,Vrangel,76,RU,1569541307,65,42.73,133.08,66.71,1.32
91,Mingguang,62,CN,1569541307,78,32.78,118.01,69.35,4.97
92,Barrow,30,AR,1569541068,74,-38.31,-60.23,46.45,10.94
93,Nogales,90,CL,1569541308,87,-32.73,-71.2,53.6,8.05
94,Ust-Tsilma,99,RU,1569541308,93,65.44,52.15,35.91,8.41
95,Mahebourg,40,MU,1569541115,94,-20.41,57.7,73.0,8.05
96,Beloha,78,MG,1569541308,85,-25.17,45.06,67.03,16.53
97,Umm Lajj,0,SA,1569541309,59,25.02,37.27,85.55,12.68
98,Kapaa,90,US,1569541093,83,22.08,-159.32,86.0,5.5
99,Xunchang,78,CN,1569541309,77,28.45,104.71,65.99,2.26
100,Tasiilaq,72,GL,1569541105,80,65.61,-37.64,39.2,18.34
101,Kutum,100,SD,1569541310,61,14.2,24.66,75.13,9.04
102,Coahuayana,90,MX,1569541161,82,18.62,-100.35,79.81,0.72
103,Beringovskiy,71,RU,1569541098,70,63.05,179.32,48.92,7.85
104,Baie-Comeau,90,CA,1569541276,100,49.22,-68.15,46.4,13.87
105,Souillac,0,FR,1569541099,88,45.6,-0.6,62.6,11.41
106,Cherskiy,80,RU,1569541157,44,68.75,161.3,36.37,4.45
107,Kalmunai,89,LK,1569541311,80,7.42,81.82,75.49,1.23
108,Sanmenxia,23,CN,1569541311,54,34.77,111.19,67.88,3.62
109,Kawalu,100,ID,1569541312,77,-7.38,108.21,69.86,5.37
110,El Bagre,79,CO,1569541312,94,7.6,-74.8,73.29,2.35
111,Bonavista,98,CA,1569541122,83,48.65,-53.11,50.0,10.0
112,Barra do Garcas,100,BR,1569541313,81,-15.89,-52.26,71.89,0.4
113,Storforshei,1,NO,1569541313,86,66.4,14.52,45.0,1.01
114,Tezu,0,IN,1569541314,83,27.93,96.16,67.26,2.53
115,Saint-Pierre,90,FR,1569541122,82,48.95,4.24,64.4,14.99
116,Zhenhai,0,CN,1569541315,88,29.95,121.71,80.01,0.76
117,Lincoln,75,GB,1569541315,82,53.23,-0.54,57.2,14.99
118,Mar del Plata,89,AR,1569541099,36,-46.43,-67.52,58.28,15.95
119,Clyde River,20,CA,1569541072,86,70.47,-68.59,37.4,2.24
120,Axim,44,GH,1569541316,92,4.87,-2.24,76.53,8.66
121,Lastoursville,97,GA,1569541316,97,-0.81,12.73,71.62,1.43
122,Albany,90,US,1569541058,93,42.65,-73.75,60.01,3.31
123,Chuy,26,UY,1569541058,79,-33.69,-53.46,55.49,11.36
124,Bustamante,91,MX,1569541317,52,26.53,-100.51,84.36,11.56
125,Bethel,90,US,1569540783,71,60.79,-161.76,51.8,19.46
126,Aksu,0,KZ,1569541208,92,52.04,76.93,30.2,4.47
127,Colac,83,AU,1569541317,73,-38.34,143.59,66.0,4.0
128,Gazojak,0,TM,1569541317,24,41.19,61.4,65.32,5.95
129,Karratha,0,AU,1569541131,25,-20.74,116.85,73.49,8.66
130,Arraial do Cabo,75,BR,1569541060,94,-22.97,-42.02,68.0,4.7
131,Suntar,80,RU,1569541319,82,62.16,117.65,36.07,0.92
132,Puerto del Rosario,40,ES,1569541166,83,28.5,-13.86,73.4,14.99
133,Rovaniemi,90,FI,1569541319,100,66.5,25.72,46.4,4.7
134,Barcelona,20,ES,1569541094,83,41.38,2.18,73.0,1.12
135,Lebu,22,ET,1569541114,85,8.96,38.73,52.72,4.27
136,Nouadhibou,0,MR,1569541320,83,20.93,-17.03,69.8,12.75
137,Nizhniy Tsasuchey,37,RU,1569541320,41,50.52,115.13,59.52,6.08
138,Nayoro,75,JP,1569541320,87,44.36,142.46,51.8,1.12
139,Soldotna,1,US,1569541321,37,60.48,-151.07,53.6,5.82
140,Nikolskoye,90,RU,1569541088,81,59.7,30.79,48.0,4.47
141,Kuching,75,MY,1569541321,94,1.56,110.34,77.0,2.24
142,Pilar,0,AR,1569541321,55,-34.46,-58.91,66.2,12.75
143,Shimoda,40,JP,1569541173,78,34.7,138.93,78.01,10.29
144,Ponta do Sol,100,BR,1569541119,96,-20.63,-46.0,62.6,2.04
145,Luba,0,PH,1569541231,78,17.32,120.7,80.02,1.36
146,Sorland,0,NO,1569541162,77,67.67,12.69,53.13,11.83
147,Mackenzie,1,CA,1569541322,40,55.34,-123.09,51.8,3.36
148,Homer,1,US,1569541127,43,59.64,-151.54,53.6,8.05
149,Pangnirtung,3,CA,1569541242,33,66.15,-65.72,38.06,4.92
150,Pokhara,97,NP,1569541323,86,28.21,83.99,51.55,1.68
151,Prince Rupert,75,CA,1569541099,66,54.32,-130.32,55.4,5.82
152,Kloulklubed,75,PW,1569541323,83,7.04,134.26,82.4,9.17
153,Elizabeth City,40,US,1569541323,78,36.3,-76.22,84.99,5.39
154,Port Keats,33,AU,1569541324,66,-14.25,129.55,83.19,6.49
155,Klaksvik,100,FO,1569541165,87,62.23,-6.59,53.6,24.16
156,Narsaq,2,GL,1569541069,45,60.91,-46.05,46.4,4.7
157,Bilma,0,NE,1569541325,10,18.69,12.92,86.56,5.48
158,Xam Nua,78,LA,1569541325,88,20.42,104.04,62.03,1.21
159,Butembo,100,CD,1569541325,98,0.12,29.29,62.35,1.81
160,Puerto Carreno,40,CO,1569541202,58,6.19,-67.49,87.8,1.34
161,Ribeirao Branco,0,BR,1569541326,97,-24.22,-48.77,57.33,1.59
162,Yumen,0,CN,1569541326,16,40.29,97.04,62.3,5.41
163,Medicine Hat,75,CA,1569541101,54,50.04,-110.68,55.4,18.34
164,Te Anau,100,NZ,1569541131,89,-45.41,167.72,43.68,7.87
165,Bako,9,BF,1569541326,64,12.29,-0.73,82.26,10.04
166,Nanga Eboko,60,CM,1569541327,99,4.68,12.37,67.95,4.36
167,Port Macquarie,0,AU,1569540981,64,-31.43,152.91,73.99,5.82
168,Valle Nacional,86,MX,1569541327,51,25.06,-104.49,76.53,10.76
169,Port Alfred,0,ZA,1569541096,80,-33.59,26.89,59.0,3.22
170,Yellowknife,75,CA,1569541060,69,62.45,-114.38,35.6,10.29
171,Champerico,75,MX,1569541152,69,16.38,-93.6,82.4,9.17
172,Geraldton,75,CA,1569541197,58,49.72,-86.95,53.6,9.17
173,Caborca,52,MX,1569541328,56,30.58,-111.1,82.99,1.01
174,Padang,100,ID,1569541328,84,-0.92,100.36,78.57,10.16
175,Berdigestyakh,51,RU,1569541328,88,62.1,126.7,37.62,6.33
176,Abbeville,0,FR,1569541329,93,50.11,1.83,57.0,8.05
177,Valencia,0,ES,1569541329,88,39.47,-0.38,73.0,3.36
178,Urusha,88,RU,1569541329,84,54.05,122.9,47.09,2.98
179,Tautira,20,PF,1569541329,62,-17.73,-149.15,84.2,6.93
180,Sibolga,22,ID,1569541330,80,1.74,98.78,80.71,9.26
181,Ancud,0,CL,1569541163,67,-41.87,-73.83,57.2,5.82
182,Xining,2,CN,1569541179,50,36.62,101.77,42.74,1.28
183,Hasaki,20,JP,1569541072,83,35.73,140.83,70.0,4.7
184,Sinnamary,10,GF,1569541186,78,5.38,-52.96,81.98,12.68
185,Simao,17,CN,1569541205,96,22.76,100.79,56.98,1.3
186,Bajil,0,ES,1569541331,93,38.23,-2.07,59.0,3.0
187,Silva Jardim,100,BR,1569541331,99,-22.65,-42.39,61.9,0.22
188,Naron,40,ES,1569541331,82,43.52,-8.15,66.99,12.75
189,Upernavik,97,GL,1569541061,58,72.79,-56.15,39.31,6.82
190,Zhicheng,36,CN,1569541332,46,35.04,112.59,70.31,4.12
191,Esso,98,RU,1569541332,94,55.93,158.7,29.55,9.13
192,Port Blair,97,IN,1569541332,80,11.67,92.75,81.61,7.7
193,Nkhotakota,52,MW,1569541333,72,-12.93,34.3,55.26,7.43
194,Sampit,75,ID,1569541193,78,-2.54,112.95,80.42,2.3
195,Tupik,97,RU,1569541333,97,54.43,119.94,47.84,3.29
196,Novo Aripuana,38,BR,1569541333,58,-5.12,-60.38,82.11,1.19
197,Awjilah,0,LY,1569541200,56,29.14,21.3,73.31,8.81
198,Katsuura,75,JP,1569541156,83,33.93,134.5,77.0,3.36
199,Leningradskiy,99,RU,1569541098,82,69.38,178.42,30.88,16.53
200,Kirovskiy,0,RU,1569541334,66,45.09,133.51,60.35,4.63
201,Blythe,75,US,1569541335,48,33.61,-114.59,82.4,8.05
202,Maiduguri,36,NG,1569541335,66,11.84,13.15,76.61,7.45
203,Trairi,14,BR,1569541335,83,-3.28,-39.27,72.92,6.11
204,San Quintin,0,PH,1569541336,78,17.54,120.52,80.04,1.92
205,Kaitangata,77,NZ,1569541087,62,-46.28,169.85,55.0,11.01
206,Palu,97,ID,1569541336,84,-0.9,119.87,77.69,2.75
207,Staryy Nadym,96,RU,1569541109,97,65.61,72.68,35.2,10.51
208,Carora,98,VE,1569541337,87,10.17,-70.08,71.73,0.87
209,Georgetown,20,GY,1569541107,74,6.8,-58.16,84.2,6.93
210,Guantanamo,56,BO,1569541337,44,-16.14,-62.05,73.29,2.66
211,Xuddur,85,SO,1569541337,80,4.12,43.89,71.55,15.37
212,Komsomolskiy,81,RU,1569541221,94,67.55,63.78,27.59,6.71
213,Aklavik,75,CA,1569541118,64,68.22,-135.01,39.2,5.82
214,Itoman,75,JP,1569541338,94,26.12,127.67,82.4,5.82
215,Praia da Vitoria,40,PT,1569541338,88,38.73,-27.07,73.4,8.7
216,Bima,75,ID,1569541339,68,-8.45,118.73,78.33,3.76
217,Pochutla,90,MX,1569541189,79,15.74,-96.47,86.0,2.08
218,Chrzanow,40,PL,1569541339,93,50.14,19.4,55.99,2.24
219,Pundaguitan,42,PH,1569541340,75,6.37,126.17,82.13,4.5
220,Sioux Lookout,90,CA,1569541242,58,50.1,-91.92,55.4,4.7
221,Norman Wells,75,CA,1569541148,70,65.28,-126.83,42.8,17.22
222,Carnarvon,0,ZA,1569541064,18,-30.97,22.13,55.27,6.64
223,Bredasdorp,0,ZA,1569541093,61,-34.53,20.04,62.01,3.36
224,Butaritari,42,KI,1569541058,64,3.07,172.79,84.54,10.25
225,Nybro,25,SE,1569541341,100,56.75,15.91,53.6,4.74
226,Solnechnyy,0,RU,1569541156,64,50.72,136.64,49.89,2.89
227,Matara,87,BI,1569541342,85,-3.48,29.48,53.33,1.5
228,Chabahar,24,IR,1569541342,69,25.29,60.65,82.31,1.9
229,Calabozo,83,VE,1569541342,83,8.92,-67.43,77.29,1.19
230,Linxia,0,CN,1569541342,53,35.6,103.21,47.66,8.66
231,Westport,40,US,1569541114,93,41.14,-73.36,66.99,8.05
232,Bucerias,75,MX,1569541343,66,20.76,-105.33,89.6,3.36
233,Ribeira Grande,0,PT,1569541120,89,38.52,-28.7,72.25,11.45
234,Airai,0,TL,1569541103,43,-8.93,125.41,83.41,1.48
235,Abu Dhabi,0,AE,1569541087,70,24.47,54.37,89.6,5.82
236,Viedma,46,AR,1569541344,80,-40.81,-62.99,43.43,11.59
237,Xai-Xai,1,MZ,1569541344,78,-25.04,33.64,57.69,3.06
238,Berlevag,100,NO,1569541164,97,70.86,29.09,44.62,15.26
239,Marawi,8,PH,1569541116,80,8.0,124.29,80.01,5.01
240,Pevek,66,RU,1569541103,70,69.7,170.27,33.04,15.23
241,Manta,11,RO,1569541345,87,45.1,24.1,51.24,3.94
242,Isangel,90,VU,1569541100,69,-19.55,169.27,75.2,9.17
243,Kazachinskoye,16,RU,1569541345,96,57.69,93.28,28.29,3.98
244,Christchurch,80,NZ,1569541199,62,-43.53,172.64,64.99,3.36
245,Yar-Sale,30,RU,1569541114,94,66.83,70.83,31.85,5.5
246,Newport,75,GB,1569541204,82,51.59,-3.0,59.0,14.99
247,Brae,100,GB,1569541228,93,60.4,-1.35,53.6,20.8
248,Killybegs,67,IE,1569541347,94,54.63,-8.45,50.0,5.01
249,Kimberley,0,ZA,1569541347,23,-28.74,24.76,44.33,3.56
250,Flinders,0,AU,1569541111,42,-34.58,150.85,69.01,12.75
251,Nagda,100,IN,1569541347,91,23.46,75.42,71.98,6.51
252,Porto Walter,54,BR,1569541347,46,-8.27,-72.74,82.51,2.15
253,Zhigansk,55,RU,1569541155,81,66.77,123.37,33.87,9.13
254,Kununurra,40,AU,1569541348,74,-15.77,128.74,80.6,4.7
255,Dehloran,0,IR,1569541348,23,32.69,47.27,70.45,1.19
256,Zalantun,66,CN,1569541348,40,48.0,122.72,65.14,3.04
257,Broome,18,GB,1569541216,87,52.47,1.45,57.99,12.75
258,Tomatlan,63,MX,1569541349,81,19.93,-105.25,82.02,20.92
259,Burnie,99,AU,1569541349,91,-41.05,145.91,53.33,9.48
260,Tateyama,0,JP,1569541349,64,36.66,137.31,80.01,3.36
261,Adrar,20,DZ,1569541182,9,27.87,-0.29,86.0,9.17
262,Caravelas,41,BR,1569541234,84,-17.73,-39.27,74.06,10.76
263,Nanortalik,0,GL,1569541108,77,60.14,-45.24,41.95,0.67
264,Auxerre,0,FR,1569541350,68,47.8,3.58,66.2,18.34
265,Rylsk,100,RU,1569541351,92,51.57,34.68,47.21,7.87
266,Grand Gaube,40,MU,1569541351,94,-20.01,57.66,73.0,8.05
267,Palmares do Sul,0,BR,1569541351,83,-30.26,-50.51,63.0,3.0
268,Yerofey Pavlovich,100,RU,1569541351,86,53.97,121.97,48.63,3.49
269,Ous,97,RU,1569541110,84,60.91,61.52,32.86,8.88
270,Kahului,40,US,1569541088,59,20.89,-156.47,89.6,18.34
271,Yakeshi,95,CN,1569541352,38,49.28,120.73,60.41,10.58
272,Valday,96,RU,1569541352,95,57.98,33.25,41.25,3.49
273,Maragogi,0,BR,1569541070,92,-9.01,-35.22,68.41,1.86
274,Ambilobe,0,MG,1569541162,80,-13.19,49.05,66.76,4.68
275,Lima,75,PE,1569541134,82,-12.06,-77.04,62.6,10.29
276,Laguna,40,BZ,1569541353,70,16.17,-88.94,86.0,4.7
277,Banda Aceh,38,ID,1569541354,76,5.56,95.32,82.13,7.7
278,Anadyr,75,RU,1569541172,93,64.73,177.51,42.8,22.37
279,Port Lincoln,11,AU,1569541164,78,-34.72,135.86,56.03,17.87
280,Nelson Bay,20,AU,1569541354,68,-32.72,152.14,70.0,12.75
281,Isiro,100,CD,1569541354,99,2.77,27.62,68.33,1.07
282,Hamilton,75,CA,1569540899,55,43.26,-79.87,64.99,6.93
283,Sao Jose da Coroa Grande,0,BR,1569541198,92,-8.9,-35.15,68.41,1.86
284,Zakamensk,76,RU,1569541355,90,50.38,103.29,45.57,3.09
285,Rio Cuarto,0,AR,1569541355,27,-33.13,-64.35,73.4,27.51
286,Belmonte,0,PT,1569541095,93,40.36,-7.35,57.0,2.3
287,Olinda,95,AU,1569541355,47,-37.84,145.39,66.0,24.16
288,Kruisfontein,0,ZA,1569541111,19,-34.0,24.73,64.85,6.06
289,Hami,18,CN,1569541119,27,42.84,93.51,69.56,13.87
290,Okhotsk,100,RU,1569541356,40,59.36,143.24,43.16,4.36
291,Gurupi,56,BR,1569541227,40,-11.73,-49.07,83.19,2.86
292,Merauke,57,ID,1569541357,82,-8.49,140.4,78.28,20.38
293,Bonoua,75,CI,1569541357,88,5.27,-3.6,78.8,10.29
294,Tommot,86,RU,1569541357,82,58.97,126.27,44.87,1.95
295,Illapel,25,CL,1569541358,96,-31.63,-71.17,48.49,1.74
296,Buraydah,0,SA,1569541338,26,26.33,43.97,80.6,3.36
297,Fenyi,87,CN,1569541358,60,27.82,114.69,71.39,1.05
298,Kavieng,13,PG,1569541093,73,-2.57,150.8,84.18,10.76
299,Awbari,9,LY,1569541130,19,26.59,12.77,80.94,4.76
300,Yulara,1,AU,1569541173,35,-25.24,130.99,71.6,2.24
301,Cehu Silvaniei,95,RO,1569541360,93,47.41,23.18,57.0,3.36
302,Namibe,35,AO,1569541148,85,-15.19,12.15,67.75,3.71
303,Dunedin,69,NZ,1569541141,66,-45.87,170.5,54.0,25.99
304,Molo,74,KE,1569541360,96,-0.25,35.73,51.66,2.95
305,Porto Novo,75,BR,1569541070,88,-23.68,-45.44,64.4,2.24
306,Rawson,59,AR,1569541113,36,-43.3,-65.11,51.01,17.29
307,Sao Jose do Belmonte,7,BR,1569541361,50,-7.86,-38.76,77.63,17.74
308,San Carlos de Bariloche,0,AR,1569541361,34,-41.13,-71.31,64.4,9.17
309,Jerome,90,US,1569541362,68,34.75,-112.11,70.0,9.17
310,Panguna,0,PG,1569541362,73,-6.32,155.48,81.11,2.1
311,Lata,13,IN,1569541096,86,30.78,78.62,35.29,2.15
312,San Ignacio,0,PE,1569541362,68,-5.15,-79.0,65.36,3.51
313,Longyearbyen,75,NO,1569541144,86,78.22,15.63,39.2,9.17
314,Jacareacanga,54,BR,1569541363,64,-6.22,-57.76,79.29,3.56
315,Provideniya,90,RU,1569541064,100,64.42,-173.23,46.4,15.66
316,Bowen,75,AU,1569541364,65,-20.01,148.25,77.0,12.75
317,Kuusamo,75,FI,1569541364,100,65.96,29.19,41.0,1.12
318,Hay River,75,CA,1569541194,65,60.82,-115.79,41.0,9.17
319,Payson,1,US,1569541364,36,40.04,-111.73,82.4,8.05
320,Itororo,57,BR,1569541364,96,-15.12,-40.07,63.45,2.84
321,Waingapu,0,ID,1569541161,67,-9.65,120.26,79.23,11.34
322,San Fernando,20,TT,1569541365,74,10.28,-61.46,84.2,5.82
323,Rockland,40,CA,1569541106,87,45.55,-75.29,57.0,5.82
324,Virginia Beach,75,US,1569541282,65,36.85,-75.98,86.0,8.05
325,Acajutla,40,SV,1569541369,100,13.59,-89.83,75.2,21.5
326,Lulea,57,SE,1569541199,93,65.58,22.15,46.4,2.24
327,Broken Hill,75,AU,1569541369,15,-31.97,141.45,73.4,12.75
328,Mykolayivka,100,UA,1569541369,82,47.54,30.76,53.01,5.26
329,Makakilo City,75,US,1569541091,78,21.35,-158.09,86.0,9.17
330,Oro Valley,1,US,1569541312,39,32.39,-110.97,84.2,17.22
331,Krasnyy Chikoy,36,RU,1569541370,90,50.36,108.75,50.76,1.92
332,Paamiut,33,GL,1569541234,64,61.99,-49.67,44.71,7.23
333,Cockburn Town,40,TC,1569541120,74,21.46,-71.14,86.0,3.36
334,Acandi,82,CO,1569541370,97,8.51,-77.28,72.59,1.81
335,Pontianak,90,ID,1569541371,94,-0.02,109.34,75.2,2.39
336,Ust-Kut,100,RU,1569541371,85,56.78,105.75,36.54,11.88
337,Haines Junction,93,CA,1569541190,71,60.75,-137.51,36.7,10.65
338,Budisov nad Budisovkou,0,CZ,1569541372,93,49.8,17.63,52.0,8.05
339,Kipushi,0,CD,1569541372,64,-11.76,27.24,55.74,7.92
340,Truth or Consequences,40,US,1569541373,16,33.13,-107.25,87.8,14.99
341,Yanam,100,IN,1569541373,94,16.73,82.22,75.89,4.09
342,Hammerfest,75,NO,1569541161,93,70.66,23.68,46.4,17.22
343,Port Elizabeth,75,US,1569541113,57,39.31,-74.98,78.01,8.05
344,Tubuala,40,PA,1569541373,94,9.52,-79.03,80.01,5.82
345,Surt,0,LY,1569541374,74,31.21,16.59,77.54,7.67
346,Ilhabela,63,BR,1569541028,89,-23.78,-45.36,68.43,9.95
347,Sumter,1,US,1569541264,69,33.92,-80.34,91.4,6.93
348,Salalah,40,OM,1569541184,83,17.01,54.1,80.6,5.82
349,Saint-Francois,75,FR,1569541138,68,46.42,3.91,64.4,3.36
350,Kati,20,ML,1569541375,88,12.75,-8.07,77.0,4.7
351,Saldanha,0,PT,1569541134,71,41.42,-6.55,59.07,3.38
352,Sao Mateus do Maranhao,33,BR,1569541375,76,-4.04,-44.48,78.24,6.11
353,Victoria,75,BN,1569540960,88,5.28,115.24,80.6,2.24
354,Uruzgan,0,AF,1569541187,21,32.93,66.63,51.71,6.78
355,Madang,0,CN,1569541376,66,35.32,102.79,34.76,1.81
356,Iqaluit,40,CA,1569541090,80,63.75,-68.52,39.2,18.34
357,Guerrero Negro,14,MX,1569541057,76,27.97,-114.04,67.39,9.48
358,Muroto,75,JP,1569541376,73,33.37,134.14,75.2,4.7
359,Khairpur,0,PK,1569541377,79,27.53,68.76,84.2,3.2
360,Mount Gambier,75,AU,1569541183,93,-37.83,140.78,51.8,16.11
361,Carutapera,14,BR,1569541377,79,-1.2,-46.02,79.65,7.94
362,Pisco,0,PE,1569541106,30,-13.71,-76.2,71.6,14.99
363,Bulgan,75,MN,1569541378,66,48.81,103.53,51.46,7.02
364,Verkhnyaya Inta,100,RU,1569541378,97,65.99,60.32,34.11,5.79
365,Saurimo,79,AO,1569541180,85,-9.66,20.4,65.5,2.19
366,Ahipara,70,NZ,1569541378,71,-35.17,173.16,68.0,19.77
367,Tambovka,51,RU,1569541379,52,47.32,47.38,46.26,4.56
368,Mabaruma,32,GY,1569541379,90,8.2,-59.78,76.07,2.44
369,Atambua,0,ID,1569541218,70,-9.11,124.89,78.47,9.31
370,Talnakh,40,RU,1569541136,86,69.49,88.39,32.0,8.95
371,Scarborough,98,GB,1569540883,82,54.28,-0.41,57.2,10.29
372,Diffa,30,NE,1569541380,45,13.32,12.61,84.13,5.88
373,Derzhavinsk,100,KZ,1569541380,61,51.1,66.31,45.18,5.68
374,Terrytown,1,US,1569541380,22,41.85,-103.66,87.8,9.17
375,Najran,0,SA,1569541219,38,17.54,44.22,77.0,4.7
376,Bacong,0,PH,1569541381,75,6.14,124.31,81.7,5.57
377,Podyuga,100,RU,1569541381,97,61.09,40.86,33.68,4.05
378,Marsaxlokk,20,MT,1569541381,83,35.84,14.54,73.99,16.11
379,Portland,90,US,1569541381,87,43.66,-70.25,61.0,4.7
380,Shahr-e Babak,6,IR,1569541382,47,30.12,55.12,65.01,3.83
381,Zhezkazgan,100,KZ,1569541382,50,47.8,67.71,60.51,4.68
382,Vila Velha,0,BR,1569541202,69,-3.71,-38.6,80.6,12.75
383,Cabedelo,0,BR,1569541382,88,-6.97,-34.84,73.4,5.82
384,Salima,4,MW,1569541382,89,-13.78,34.45,49.03,4.21
385,Mayo,75,CA,1569541126,39,63.59,-135.9,48.2,5.82
386,Zyryanka,0,RU,1569541241,70,65.73,150.89,31.31,1.05
387,Ornskoldsvik,43,SE,1569541383,89,63.29,18.72,35.6,3.36
388,Guadalupe y Calvo,14,MX,1569541384,90,26.09,-106.96,63.75,2.89
389,Richards Bay,0,ZA,1569541384,68,-28.77,32.06,62.71,15.14
390,Quang Ngai,22,VN,1569541384,95,15.12,108.8,69.24,2.64
391,Gold Coast,40,AU,1569541385,60,-28.0,153.41,78.01,17.22
392,Lampa,0,CL,1569541385,63,-33.29,-70.87,64.4,12.75
393,Jinji,0,CN,1569541386,75,22.16,112.49,74.27,2.86
394,Mandan,90,US,1569541386,67,46.83,-100.89,64.4,10.29
395,Tobol,47,SE,1569541386,87,59.83,12.54,50.0,3.36
396,Honningsvag,100,NO,1569541073,96,70.98,25.97,45.5,15.64
397,Bhag,0,PK,1569541387,40,29.04,67.82,88.11,2.24
398,Methoni,0,GR,1569541387,82,36.82,21.7,73.0,4.7
399,San Juan,0,AR,1569540866,28,-31.54,-68.53,64.61,5.73
400,Maku,0,IR,1569541388,45,39.29,44.45,51.51,2.98
401,Lano,100,NG,1569541388,88,10.17,11.47,72.99,0.69
402,Bose,40,IT,1569541388,82,45.46,8.01,64.99,5.82
403,Yarim,91,YE,1569541389,59,14.3,44.38,72.57,2.51
404,Bandundu,25,CD,1569541389,91,-3.32,17.38,72.74,3.8
405,Zelenogradsk,90,RU,1569541389,100,54.96,20.48,41.0,9.8
406,Flin Flon,75,CA,1569541197,71,54.77,-101.88,46.4,6.93
407,Bathsheba,20,BB,1569541167,74,13.22,-59.52,80.6,8.05
408,Roros,34,NO,1569541389,100,62.57,11.38,28.4,1.12
409,Ust-Kuyga,100,RU,1569541390,92,70.0,135.55,29.28,4.32
410,Wewak,15,PG,1569541390,73,-3.55,143.63,82.22,4.61
411,Planeta Rica,90,CO,1569541390,83,8.41,-75.58,82.4,3.8
412,Neuenrade,100,DE,1569541395,93,51.28,7.78,63.0,12.75
413,Tres Arroyos,49,AR,1569541396,77,-38.38,-60.28,44.8,8.5
414,Goderich,12,CA,1569541396,74,43.74,-81.71,64.0,3.0
415,Mount Isa,0,AU,1569541183,26,-20.73,139.49,80.6,12.75
416,Kirakira,61,SB,1569541396,70,-10.46,161.92,84.31,5.12
417,Byron Bay,90,AU,1569541397,77,-28.65,153.62,73.4,2.24
418,Syamzha,100,RU,1569541397,96,60.02,41.06,37.38,5.3
419,Chornobay,100,UA,1569541397,76,49.67,32.32,51.5,8.81
420,Hervey Bay,75,AU,1569541117,53,-25.3,152.85,77.0,4.7
421,Qandala,19,SO,1569541398,78,11.47,49.87,84.26,10.36
422,Bulawayo,1,ZW,1569541316,87,-20.16,28.59,43.77,10.09
423,Winslow,23,GB,1569541398,93,51.94,-0.88,57.2,11.41
424,Kovdor,100,RU,1569541398,95,67.56,30.47,40.07,2.28
425,Ariquemes,98,BR,1569541378,92,-9.91,-63.03,73.28,2.77
426,Batagay-Alyta,92,RU,1569541399,72,67.8,130.41,25.22,6.62
427,High Level,75,CA,1569541399,42,58.52,-117.13,48.2,10.29
428,San Andres,6,PH,1569541400,73,13.32,122.68,83.21,1.34
429,Lagoa,0,PT,1569541400,77,37.14,-8.45,69.01,3.36
430,Copiapo,75,CL,1569541229,71,-27.37,-70.33,55.4,6.93
431,Luchenza,23,MW,1569541401,88,-16.01,35.31,55.2,8.63
432,Jumla,100,NP,1569541401,98,29.28,82.18,50.7,0.83
433,Cordoba,0,AR,1569541402,29,-27.78,-67.24,65.97,10.42
434,Tilichiki,92,RU,1569541402,74,60.47,166.1,45.68,7.54
435,Cap Malheureux,40,MU,1569541402,94,-19.98,57.61,73.0,8.05
436,Thai Binh,0,VN,1569541402,88,20.45,106.33,77.0,3.36
437,Salinas,1,US,1569541166,57,36.67,-121.66,82.4,20.8
438,Camacha,40,PT,1569541210,68,33.08,-16.33,71.6,10.29
439,Saint George,40,GR,1569541403,77,39.45,22.34,71.6,3.94
440,Whitehorse,90,CA,1569541403,86,60.72,-135.06,42.01,10.29
441,Sri Aman,96,MY,1569541404,94,1.24,111.46,77.0,0.22
442,Mgachi,0,RU,1569541404,74,51.05,142.27,52.41,19.64
443,Bodden Town,20,KY,1569541133,70,19.28,-81.25,87.8,11.41
444,Tori Fatehpur,100,IN,1569541404,86,25.45,79.13,75.35,12.5
445,Nishihara,1,JP,1569541405,77,35.74,139.53,82.0,0.98
446,Grindavik,75,IS,1569541213,87,63.84,-22.43,57.2,2.24
447,Robertsport,100,LR,1569541239,91,6.75,-11.37,76.33,7.74
448,Natal,20,BR,1569541247,83,-5.81,-35.21,77.0,8.05
449,Nuuk,5,GL,1569541405,45,64.17,-51.74,42.8,3.36
450,Marystown,26,CA,1569541405,94,47.17,-55.16,54.48,6.49
451,Japura,12,ID,1569541406,91,-0.42,102.29,74.19,1.21
452,Soverato,0,IT,1569541406,100,38.69,16.55,66.2,6.93
453,Half Moon Bay,1,US,1569541406,68,37.46,-122.43,82.99,13.87
454,Iwanai,81,JP,1569541406,86,42.97,140.51,62.91,8.7
455,Lesozavodsk,0,RU,1569541407,66,45.47,133.42,60.19,5.39
456,Baykit,65,RU,1569541407,98,61.68,96.39,26.37,2.37
457,Joensuu,90,FI,1569541408,100,62.6,29.76,46.0,4.7
458,Ponedera,75,CO,1569541408,83,10.64,-74.75,82.4,2.24
459,Havelock,1,US,1569541134,78,34.88,-76.9,81.0,19.46
460,Alanya,40,TR,1569541408,94,36.55,32.0,70.0,3.36
461,Sao Joao da Barra,100,BR,1569541059,97,-21.64,-41.05,65.69,1.16
462,Itarema,0,BR,1569541191,75,-2.92,-39.92,76.58,11.34
463,Ambanja,49,MG,1569541409,81,-13.68,48.45,77.24,7.38
464,Road Town,1,VG,1569541189,79,18.42,-64.62,84.2,9.17
465,Vestmannaeyjar,100,IS,1569541060,88,63.44,-20.27,51.1,7.61
466,Shimanovsk,0,RU,1569541409,72,52.0,127.67,55.17,12.71
467,Puerto Parra,75,CO,1569541410,83,6.65,-74.06,80.6,2.24
468,Abalak,21,NE,1569541410,20,15.46,6.28,91.04,4.27
469,Gravdal,100,NO,1569541410,76,59.79,5.78,60.01,23.04
470,Yima,28,CN,1569541411,58,34.75,111.87,64.92,3.4
471,Columbus,1,US,1569541296,43,32.46,-84.99,95.0,4.14
472,Bandarbeyla,53,SO,1569541411,74,9.49,50.81,75.9,19.86
473,Smolenka,0,PL,1569541230,90,54.15,22.76,48.13,5.23
474,Mporokoso,44,ZM,1569541411,65,-9.37,30.12,60.78,10.6
475,Las Vegas,20,US,1569541396,37,36.17,-115.15,87.8,14.99
476,Santa Maria,75,BR,1569541412,94,-16.02,-48.01,68.0,4.7
477,Masindi,94,UG,1569541412,91,1.69,31.72,65.14,1.39
478,Ormara,39,PK,1569541412,56,25.21,64.64,87.01,2.71
479,Husavik,100,CA,1569541168,90,50.56,-96.99,48.99,3.0
480,Torgau,75,DE,1569541413,93,51.56,13.0,61.0,5.82
481,Callaguip,20,PH,1569541413,88,18.07,120.49,78.8,3.36
482,Sobolevo,0,RU,1569541413,82,54.43,31.9,38.12,3.38
483,Muscat,0,OM,1569541414,62,23.6,58.55,86.0,2.24
484,Kidal,0,ML,1569541414,10,18.44,1.41,88.88,8.34
485,Kamenka,98,MD,1569541165,94,48.03,28.7,54.0,4.29
486,Sola,40,TZ,1569541415,62,-3.17,33.8,68.92,9.8
487,Clonakilty,20,IE,1569541415,93,51.62,-8.87,53.6,12.75
488,Gillette,1,US,1569541415,25,44.29,-105.5,79.0,14.99
489,Fasa,12,IR,1569541415,53,28.94,53.65,71.6,3.62
490,Maniitsoq,8,GL,1569541416,54,65.42,-52.9,44.62,0.81
491,Pedro Carbo,75,EC,1569541416,69,-1.82,-80.24,78.8,16.11
492,Lagunas,25,PE,1569541167,54,-5.23,-75.68,82.04,1.43
493,Touros,20,BR,1569541165,78,-5.2,-35.46,75.2,4.7
494,Moyobamba,6,PE,1569541417,74,-6.03,-76.97,69.73,2.46
495,Singapore,75,MY,1569541417,88,1.29,103.85,82.0,2.24
496,Rocha,1,UY,1569541418,93,-34.48,-54.34,47.68,4.54
497,Wang Saphung,75,TH,1569541418,100,17.3,101.77,71.6,2.24
498,Edson,90,CA,1569541418,86,53.59,-116.44,39.2,14.99
499,Coquimbo,75,CL,1569541171,81,-29.95,-71.34,53.6,9.17
500,Houma,58,CN,1569541419,51,35.63,111.36,65.5,5.53
501,Moussoro,46,TD,1569541419,57,13.64,16.49,83.7,8.79
502,Diapaga,89,BF,1569541419,80,12.07,1.79,79.68,5.61
503,Erzin,0,TR,1569541419,73,36.95,36.2,75.2,13.87
504,Lorengau,9,PG,1569541219,79,-2.02,147.27,82.97,8.48
505,Stawell,85,AU,1569541420,60,-37.06,142.77,58.88,9.37
506,Aguimes,40,ES,1569541420,69,27.91,-15.45,73.4,19.46
507,Kulhudhuffushi,75,MV,1569541220,68,6.62,73.07,82.76,4.45
508,Maketu,96,NZ,1569541421,81,-37.76,176.45,66.99,15.99
509,Dong Hoi,28,VN,1569541421,92,17.48,106.6,72.74,3.8
510,Puerto Madryn,41,AR,1569540970,44,-42.77,-65.04,51.85,18.39
511,Seoul,1,KR,1569541421,88,37.57,126.98,71.6,1.12
512,Ishigaki,75,JP,1569541422,94,24.34,124.16,80.6,11.41
513,Marzuq,55,YE,1569541422,42,14.4,46.47,74.01,4.16
514,Waddan,0,LY,1569541422,67,29.16,16.14,74.55,7.16
515,Wajima,20,JP,1569541422,77,37.4,136.9,69.8,6.93
516,Tirumullaivasal,21,IN,1569541423,88,11.24,79.84,76.12,2.46
517,Nampula,35,MZ,1569541423,72,-15.12,39.26,63.63,11.92
518,Baiyin,0,CN,1569541423,93,36.55,104.13,39.2,4.47
519,Koshurnikovo,41,RU,1569541424,89,54.3,93.39,31.21,2.21
520,Tigil,100,RU,1569541424,96,57.8,158.67,39.2,19.51
521,Moose Factory,40,CA,1569541424,76,51.26,-80.61,50.0,4.7
522,Hualmay,11,PE,1569541136,92,-11.1,-77.61,61.36,11.05
523,Sechura,45,PE,1569541425,87,-5.56,-80.82,63.88,11.39
524,Guigue,95,VE,1569541163,90,10.09,-67.78,71.33,1.28
525,Lichinga,42,MZ,1569541425,74,-13.3,35.25,57.8,5.1
526,Karpogory,100,RU,1569541425,96,64.0,44.44,39.38,6.24
527,Garowe,84,SO,1569541111,65,8.41,48.48,76.44,15.3
528,Biltine,74,TD,1569541426,35,14.53,20.93,88.52,14.12
529,Sao Miguel do Araguaia,46,BR,1569541426,54,-13.28,-50.16,79.45,5.53
530,Nizhniy Kuranakh,69,RU,1569541426,80,58.84,125.49,44.64,1.61
531,Hailey,5,US,1569541427,31,43.52,-114.32,73.4,13.87
532,Mattru,100,SL,1569541427,96,7.62,-11.83,73.85,4.05
533,Kulaman,0,PH,1569541427,76,6.46,124.09,80.3,0.25
534,Ewa Beach,75,US,1569541428,78,21.32,-158.01,86.0,9.17
535,Gombong,52,ID,1569541428,69,-7.19,109.31,77.02,9.6
